chrom	pos	query_pos	id	ref_len	alt_len	ins_len	filter	info_AC	info_AN	info_AF	info_MAF	ABBA_BEST_TIER	ABBA_CLASSES	ABBA_SOURCE_INTERVALS	ABBA_CROSS_CHR	format	num_carrier_samples	alt_alleles_from_gt	num_mapped_carrier_samples	mapped_alt_alleles_from_gt	num_groups_for_phasing	num_candidate_haps	missing_carrier_samples	missing_alt_alleles_from_gt	carrier_mapping_status	focal_all_candidate_mrca_node	focal_all_candidate_mrca_time	focal_all_candidate_num_sample_nodes_under	focal_all_candidate_num_vcf_samples_under	focal_phase_node	focal_phase_time	focal_phase_num_sample_nodes_under	focal_phase_num_vcf_samples_under	flank_phase_best_node	flank_phase_best_time	flank_phase_best_num_sample_nodes_under	flank_phase_best_num_vcf_samples_under	flank_phase_best_tree_index	flank_phase_best_tree_left	flank_phase_best_tree_right	flank_phase_best_side	num_flank_trees_evaluated	status
chr1	74246002	74246002.0	chr1-74246784-INS->s60141>s52935>s52936>s60142-2676	1	2677	2676	.	3	1816	0.0016519824	0.0016519824	B	circular_permutation_same_strand	chr1:74404588-74407269:+:B	0	GT	3	3	3	3	3	6	0	0	complete	1511063	0.7893370607028753	4311	2455	7961	0.004193290501993637	6	6	7961	0.004193290501993637	6	6	309710	74246497.0	74247067.0	right	449	ok
chr1	225056670	225056670.0	chr1-225056797-INS->s15938>s970977>s15939-1665	1	1666	1665	.	4	1816	0.0022026432	0.0022026432	B	circular_permutation_same_strand	chr1:225868563-225870234:+:B	0	GT	4	4	4	4	4	8	0	0	complete	1499341	0.7292332268370607	3682	2277	1308841	0.21385782747603835	995	864	1308841	0.21385782747603835	964	843	807583	225086098.0	225086131.0	right	463	ok
chr1	239162980	239162980.0	chr1-239163226-INS->s18416>s1115296>s18417-1561	1	1562	1561	.	1	1816	0.00055066079	0.00055066079	C	circular_permutation_same_strand	chr1:239749397-239751013:+:C	0	GT	1	1	1	1	1	2	0	0	complete	1553175	0.9944089454540703	4902	2500	4578	0.0	1	1	4578	0.0	1	1	869735	239163361.0	239163386.0	right	720	ok
chr2	14615337	14615337.0	chr2-14615462-INS->s72440>s1045496>s72441-223	1	224	223	.	1	1816	0.00055066079	0.00055066079	B	circular_permutation_same_strand	chr2:14584556-14584779:+:B	0	GT	1	1	1	1	1	2	0	0	complete	1528674	0.4245207667731629	1871	1441	2624	0.0	1	1	2624	0.0	1	1	74865	14615582.0	14616288.0	right	554	ok
chr2	21094068	21094068.0	chr2-21094177-INS->s73226>s91668>s1034888>s91670>s91671>s73227-203	1	204	203	.	3	1816	0.0016519824	0.0016519824	B	circular_permutation_same_strand	chr2:21060854-21061058:+:B	0	GT	3	3	3	3	3	6	0	0	complete	1653380	0.8861821086261981	5006	2504	1653380	0.8861821086261981	5006	2504	1476712	0.3164936102236422	1217	1053	103166	21038974.0	21039126.0	left	600	ok
chr2	121479782	121479782.0	chr2-121479802-INS->s90967>s971586>s971587>s90968-506	1	507	506	.	10	1816	0.0055066079	0.0055066079	C	circular_permutation_same_strand	chr2:121044138-121044651:+:C	0	GT	10	10	10	10	10	20	0	0	complete	1875002	1.0000008008041354	5008	2504	1669338	0.9664536738885751	4791	2493	1674917	0.9836261980830671	4598	2469	524567	121433516.0	121434200.0	left	372	ok
chr2	122802449	122802449.0	chr2-122802526-INS->s91142<s118416>s1086121>s1046570<s118413>s91143-333	1	334	333	.	3	1816	0.0016519824	0.0016519824	C	circular_permutation_same_strand	chr2:122367032-122367371:+:C	0	GT	3	3	3	3	3	6	0	0	complete	1680141	0.9962060700547093	4986	2504	1584665	0.5928514376996805	2924	2032	1547772	0.4756389776357827	1557	1271	529420	122735383.0	122735420.0	left	587	ok
chr2	132510891	132510891.0	chr2-132510891-INS->s94091<s108075<s108074<s108073<s108072<s108071>s94092-3041	1	3042	3041	PASS	85	1458	0.05829904	0.05829904	C	circular_permutation_same_strand	chr2:132073239-132076205:+:C	0	GT	74	85	74	85	85	148	0	0	complete	1890119	1.0000008008041354	5008	2504	1890119	1.0000008008041354	5008	2504	1662031	0.9329073482428115	4903	2504	573531	132528154.0	132528234.0	right	825	ok
chr2	199691416	199691416.0	chr2-199691921-INS->s102882>s971991>s971992>s102883-1500	1	1501	1500	.	15	1816	0.0082599119	0.0082599119	B	circular_permutation_same_strand	chr2:199206805-199208346:+:B	0	GT	15	15	15	15	15	30	0	0	complete	1681816	0.9996006387448051	5005	2504	1652104	0.8793929712460063	4400	2450	1628339	0.764576677316294	3726	2331	832286	199711536.0	199711541.0	right	544	ok
chr3	63199388	63199388.0	chr3-63199388-INS->s145235<s154719<s154718<s154717>s145236-1345	1	1346	1345	PASS	11	1816	0.0060572687	0.0060572687	C	circular_permutation_same_strand	chr3:63155634-63156990:+:C	0	GT	11	11	11	11	11	22	0	0	complete	1505171	1.0000008008041354	5008	2504	1347879	0.7108626198083067	3554	2231	1197563	0.24860223642172524	891	794	291206	63250356.0	63250397.0	right	862	ok
chr3	82202940	82202940.0	chr3-82203073-INS->s147697>s1027092>s147698-340	1	341	340	.	1	1816	0.00055066079	0.00055066079	C	circular_permutation_same_strand	chr3:82149840-82150179:+:C	0	GT	1	1	1	1	1	2	0	0	complete	1380327	0.8905750796393739	4346	2442	548	0.0	1	1	548	0.0	1	1	379706	82203435.0	82203463.0	right	470	ok
chr3	107643455	107643455.0	chr3-107643454-COMPLEX->s155232<s171905>s155234-4832	6	4831	4825	.	2	1816	0.0011013216	0.0011013216	B	circular_permutation_same_strand	chr3:104925173-104930034:+:B	0	GT	2	2	2	2	2	4	0	0	complete	1388519	0.9436900956138147	4723	2490	1264400	0.39676517571884984	1842	1329	1018312	0.07068690095846646	306	270	469456	107578122.0	107578504.0	left	413	ok
chr3	126041702	126041702.0	chr3-126041828-INS->s157259>s1027603>s157260-251	1	252	251	.	1	1816	0.00055066079	0.00055066079	C	circular_permutation_same_strand	chr3:123321626-123321878:+:C	0	GT	1	1	1	1	1	2	0	0	complete	1233421	0.32068690095846647	1575	1247	1276	0.0	1	1	1276	0.0	1	1	543954	126041932.0	126043288.0	right	615	ok
chr3	183528148	183528148.0	chr3-183528148-INS->s164682>s981165>s164683-306	1	307	306	.	3	1816	0.0016519824	0.0016519824	B	circular_permutation_same_strand	chr3:180726125-180726431:+:B	0	GT	3	3	3	3	3	6	0	0	complete	1647476	1.0000008008041354	5008	2504	1282329	0.4524760383386581	2260	1731	875726	0.029752396166134187	163	151	774545	183529919.0	183530060.0	right	809	ok
chr4	14043339	14043339.0	chr4-14043339-COMPLEX->s190742>s1133866>s190744-4155	3904	4155	251	PASS	0	1816	0	0	C	circular_permutation_same_strand	chr4:14063654-14067556:+:C	0	GT	0	0	0	0	0	0	0	0	complete																	0	no_carriers
chr4	73676326	73676326.0	chr4-73676326-INS->s201444>s201573>s201574>s201575>s201445-219	1	220	219	.	37	1816	0.020374449	0.020374449	C	circular_permutation_same_strand	chr4:70336687-70336913:+:C	0	GT	37	37	37	37	37	74	0	0	complete	1350832	0.9816293927384153	4966	2501	1329281	0.8706070287539937	4681	2483	1299552	0.7148562300319489	3578	2181	336377	73677062.0	73677114.0	right	586	ok
chr4	132970504	132970504.0	chr4-132970611-INS->s208628<s195031>s208629-2415	1	2416	2415	.	11	1816	0.0060572687	0.0060572687	B	circular_permutation_same_strand	chr4:129666687-129669145:+:B	0	GT	7	11	7	11	11	14	0	0	complete	1353968	0.9898162939297125	4800	2489	1353968	0.9898162939297125	4800	2489	1332335	0.8889776357827476	3151	2109	573657	132944690.0	132944693.0	left	593	ok
chr4	141083131	141083131.0	chr4-141083134-INS->s209696>s184108>s209699-1734	1	1735	1734	.	3	1816	0.0016519824	0.0016519824	C	circular_permutation_same_strand	chr4:137758761-137760496:+:C	0	GT	3	3	3	3	3	6	0	0	complete	1352212	0.985223642172524	4820	2499	1309105	0.7607827476038339	3894	2307	1153865	0.2617811501597444	1170	1010	606843	141090816.0	141090820.0	right	669	ok
chr5	17996008	17996008.0	chr5-17996299-INS->s243018>s1002219>s1002220>s1002221>s243019-1053	1	1054	1053	.	5	1816	0.002753304	0.002753304	C	circular_permutation_same_strand	chr5:17994242-17995325:+:C	0	GT	5	5	5	5	5	10	0	0	complete	1225846	0.7484025559105432	4508	2472	1137152	0.382388178913738	2024	1546	810567	0.031749201277955275	105	101	93782	17982574.0	17982807.0	left	576	ok
chr5	100897059	100897059.0	chr5-100897059-INS->s258631>s1020975>s258632-323	1	324	323	PASS	1746	1816	0.96145374	0.038546256	B	circular_permutation_same_strand	chr5:100389098-100389423:+:B	0	GT	881	1746	881	1746	1746	1762	0	0	complete	1249705	0.9067492012779552	5003	2504	1249705	0.9067492012779552	5003	2504	1249705	0.9067492012779552	5003	2504	410146	100898258.0	100898269.0	right	459	ok
chr5	124632606	124632606.0	chr5-124633536-INS->s261435<s236742>s261436-2078	1	2079	2078	.	61	1816	0.033590308	0.033590308	B	circular_permutation_same_strand	chr5:124116015-124118065:+:B	0	GT	59	61	59	61	61	118	0	0	complete	1428223	1.0000008008041354	5008	2504	1195683	0.5960463258785943	3899	2284	1244470	0.8654153354632588	3751	2236	523582	124614821.0	124614891.0	left	745	ok
chr5	181063688	181063688.0	chr5-181063688-INS->s268669<s223649<s223648>s1030978<s223645>s268670-259	1	260	259	PASS	1	1816	0.00055066079	0.00055066079	B	circular_permutation_same_strand	chr5:180507736-180507999:+:B	0	GT	1	1	1	1	1	2	0	0	complete	1228733	0.7661741214057508	4256	2441	3686	0.0	1	1	3686	0.0	1	1	765708	181063912.0	181063986.0	right	793	ok
chr6	13180833	13180833.0	chr6-13180913-INS->s281086>s990006>s281087-336	1	337	336	.	2	1816	0.0011013216	0.0011013216	C	circular_permutation_same_strand	chr6:13307593-13307931:+:C	0	GT	2	2	2	2	2	4	0	0	complete	1145831	0.5764776357827476	4041	2344	80479	0.00439297124600639	18	18	80479	0.00439297124600639	11	11	67734	13254009.0	13254057.0	right	736	ok
chr6	69189757	69189757.0	chr6-69189875-INS->s289001>s1038547>s1038548>s289002-917	1	918	917	.	2	1816	0.0011013216	0.0011013216	C	circular_permutation_same_strand	chr6:68025285-68026207:+:C	0	GT	2	2	2	2	2	4	0	0	complete	1206477	0.9133386581469649	4736	2495	889856	0.07947284345047924	397	355	889856	0.07947284345047924	334	301	318739	69155749.0	69155751.0	left	392	ok
chr6	96867029	96867029.0	chr6-96867029-INS->s292238>s990356>s292239-263	1	264	263	.	4	1816	0.0022026432	0.0022026432	C	circular_permutation_same_strand	chr6:95695915-95696187:+:C	0	GT	3	4	3	4	4	6	0	0	complete	1208885	0.931908945686901	4670	2487	1154730	0.6168130990415336	3105	2128	1028817	0.2364217252396166	1029	913	428215	96914001.0	96914327.0	right	452	ok
chr6	125815740	125815740.0	chr6-125815740-COMPLEX->s295375>s1039230>s295378-2017	1438	2017	579	.	4	1816	0.0022026432	0.0022026432	C	circular_permutation_same_strand	chr6:124628017-124629915:+:C	0	GT	3	4	3	4	4	6	0	0	complete	1175230	0.7146565495207667	3746	2297	1158744	0.6353833865814696	3147	1954	1058190	0.2945287539936102	1281	1054	540566	125824751.0	125824918.0	right	487	ok
chr6	145706517	145706517.0	chr6-145706552-INS->s297445>s1039454>s297446-335	1	336	335	.	2	1816	0.0011013216	0.0011013216	B	circular_permutation_same_strand	chr6:144513806-144514144:+:B	0	GT	2	2	2	2	2	4	0	0	complete	1162752	0.6533546325878594	3263	2170	858676	0.062100638977635784	352	309	835949	0.05211661341853035	155	143	619377	145666517.0	145666827.0	left	527	ok
chr6	163596154	163596154.0	chr6-163596154-INS->s300508>s277943>s300509-3332	1	3333	3332	PASS	1	1816	0.00055066079	0.00055066079	C	circular_permutation_same_strand	chr6:162232330-162235658:+:C	0	GT	1	1	1	1	1	2	0	0	complete	1435067	1.0000008008041354	5008	2504	4382	0.0	1	1	4382	0.0	1	1	704372	163596358.0	163596778.0	right	692	ok
chr7	2241234	2241234.0	chr7-2241316-INS->s354438>s1034998>s354439-186	1	187	186	.	1	1816	0.00055066079	0.00055066079	C	circular_permutation_same_strand	chr7:2127666-2127852:+:C	0	GT	1	1	1	1	1	2	0	0	complete	1141390	0.6403753993610224	3392	2228	3978	0.0	1	1	3978	0.0	1	1	14696	2240741.0	2240789.0	left	859	ok
chr7	29649794	29649794.0	chr7-29649794-INS->s358604>s1035315>s358605-163	1	164	163	.	1	1816	0.00055066079	0.00055066079	B	circular_permutation_same_strand	chr7:29511802-29511964:+:B	0	GT	1	1	1	1	1	2	0	0	complete	1198094	0.9994009582336231	4966	2504	978	0.0	1	1	978	0.0	1	1	171233	29649544.0	29649564.0	left	889	ok
chr7	35220187	35220187.0	chr7-35220353-INS->s359244>s1000080>s359245-475	1	476	475	.	3	1816	0.0016519824	0.0016519824	B	circular_permutation_same_strand	chr7:35079113-35079588:+:B	0	GT	3	3	3	3	3	6	0	0	complete	1277037	1.0000008008041354	5008	2504	596767	0.01437699680511182	69	69	596767	0.01437699680511182	63	63	196275	35224597.0	35224975.0	right	480	ok
chr7	58010291	58010291.0	chr7-58010291-INS->s305118<s333035<s333034<s333033>s305119-686	1	687	686	PASS	320	1816	0.17621145	0.17621145	B	circular_permutation_same_strand	chr7:57765385-57766088:+:B	0	GT	277	320	277	320	320	554	0	0	complete	1198094	0.9994009582336231	5006	2504	1198094	0.9994009582336231	5006	2504	1190206	0.9616613418530351	4664	2469	296731	57981985.0	57982107.0	left	1487	ok
chr7	60096669	60096669.0	chr7-60096669-INS->s309456>s339749<s348876<s348875<s348874>s339751>s309457-2563	1	2564	2563	PASS	113	1816	0.06222467	0.06222467	B	circular_permutation_same_strand	chr7:61651028-61653611:+:B	0	GT	90	113	90	113	113	180	0	0	complete	1306654	1.0000008008041354	5008	2504	1306654	1.0000008008041354	5008	2504									0	no_flanking_phase_clade
chr7	60147700	60147700.0	chr7-60147700-INS->s309480>s351193>s309481-1886	1	1887	1886	PASS	11	1816	0.0060572687	0.0060572687	B	circular_permutation_same_strand	chr7:62131856-62133779:+:B	0	GT	9	11	9	11	11	18	0	0	complete	1306654	1.0000008008041354	5008	2504	1306654	1.0000008008041354	5008	2504									0	no_flanking_phase_clade
chr7	68904825	68904825.0	chr7-68904825-INS->s311599>s337398>s311600-311	1	312	311	PASS	1	1816	0.00055066079	0.00055066079	C	circular_permutation_same_strand	chr7:67684807-67685124:+:C	0	GT	1	1	1	1	1	2	0	0	complete	157895	0.0049920127795527154	51	49	3192	0.0	1	1	3192	0.0	1	1	335692	68904255.0	68904399.0	left	799	ok
chr7	159074005	159074005.0	chr7-159074005-INS->s325187<s333702>s325188-483	1	484	483	PASS	491	1816	0.27037445	0.27037445	C	circular_permutation_same_strand	chr7:157883602-157884099:+:C	0	GT	413	491	413	491	491	826	0	0	complete	1446629	1.0000008008041354	5008	2504	1197126	0.9960063897763578	4985	2504	1197126	0.9960063897763578	4935	2503	717212	159030309.0	159030311.0	left	1012	ok
chr8	12658961	12658961.0	chr8-12658961-COMPLEX->s366701>s390078>s366703-4737	6	4737	4731	PASS	174	1816	0.095814978	0.095814978	B	circular_permutation_same_strand	chr8:12133016-12137927:+:B	0	GT	139	174	139	174	174	278	0	0	complete	1148295	1.0000008008041354	5008	2504	1148295	1.0000008008041354	5008	2504	1097496	0.983426517571885	4739	2489	101954	12606524.0	12606529.0	left	1911	ok
chr8	44055282	44055282.0	chr8-44055282-INS->s370876>s394332>s394333>s370877-4521	1	4522	4521	PASS	55	1816	0.030286344	0.030286344	C	circular_permutation_same_strand	chr8:43776202-43780729:+:C	0	GT	53	55	53	55	55	106	0	0	complete	1202676	1.0000008008041354	5008	2504	1202676	1.0000008008041354	5008	2504									0	no_flanking_phase_clade
chr9	31838168	31838168.0	chr9-31838386-INS->s398703>s429500>s429501>s398704-331	1	332	331	.	9	1816	0.0049559471	0.0049559471	B	circular_permutation_same_strand	chr9:31822663-31822987:+:B	0	GT	9	9	9	9	9	18	0	0	complete	1071709	1.0000008008041354	5008	2504	960147	0.7164536741214057	3326	2163	760931	0.0880591054313099	277	254	188792	31836699.0	31837042.0	left	649	ok
chr9	42428358	42428358.0	chr9-42428358-INS->s400129>s433503>s400130-1027	1	1028	1027	PASS	728	1816	0.40088106	0.40088106	B	circular_permutation_reverse_strand	chr9:40866310-40867348:-:B	0	GT	599	728	599	728	728	1198	0	0	complete	1090416	1.0000008008041354	5008	2504	1090416	1.0000008008041354	5008	2504	1090417	1.0000008008041354	5008	2504	233996	42428594.0	42428643.0	right	1113	ok
chr9	122463221	122463221.0	chr9-122463221-INS->s417646>s428066>s428067>s417647-4630	1	4631	4630	PASS	5	1816	0.002753304	0.002753304	C	circular_permutation_same_strand	chr9:110291169-110295796:+:C	0	GT	3	5	3	5	5	6	0	0	complete	979893	0.887779552715655	4445	2460	947972	0.6307907348242812	4089	2415	902523	0.3801916932907348	1543	1259	492115	122533921.0	122534228.0	right	695	ok
chr9	146461415	146461415.0	chr9-146461423-INS->s421160<s429306>s421161-1772	1	1773	1772	.	9	1816	0.0049559471	0.0049559471	C	circular_permutation_same_strand	chr9:134246929-134248711:+:C	0	GT	0	0	0	0	0	0	0	0	complete																	0	position_outside_tree_sequence
chr10	335219	335219.0	chr10-335219-INS->s444227>s974832>s444228-139	1	140	139	PASS	1136	1816	0.62555066	0.37444934	C	circular_permutation_same_strand	chr10:341431-341571:+:C	0	GT	760	1136	760	1136	1136	1520	0	0	complete	1011415	1.0000008008041354	5008	2504	1011415	1.0000008008041354	5008	2504	1011415	1.0000008008041354	5008	2504	1260	335524.0	335582.0	right	672	ok
chr10	17647661	17647661.0	chr10-17647661-INS->s448633<s494464>s448634-179	1	180	179	PASS	442	1816	0.24339207	0.24339207	C	circular_permutation_reverse_strand	chr2:222816819-222816997:-:C	1	GT	382	442	382	442	442	764	0	0	complete	1055893	1.0000008008041354	5008	2504	1055893	1.0000008008041354	5008	2504	992300	0.8807907348242812	4592	2471	97034	17584095.0	17584146.0	left	871	ok
chr10	26968943	26968943.0	chr10-26969226-INS->s449721<s478086<s478085<s478084<s478083<s478082<s478081<s478080>s449722-4727	1	4728	4727	.	217	1816	0.11949339	0.11949339	C	circular_permutation_same_strand	chr10:26935698-26940378:+:C	0	GT	146	217	146	217	217	292	0	0	complete	1077004	1.0000008008041354	5008	2504	1077004	1.0000008008041354	5008	2504	1009959	0.9978035141441661	4977	2504	143043	26997270.0	26998526.0	right	815	ok
chr10	74286067	74286067.0	chr10-74286117-INS->s463200>s1044184>s463201-275	1	276	275	.	1	1816	0.00055066079	0.00055066079	C	circular_permutation_same_strand	chr10:73414652-73414926:+:C	0	GT	1	1	1	1	1	2	0	0	complete	894526	0.34365015974440893	1788	1369	1700	0.0	1	1	1700	0.0	1	1	344506	74285596.0	74285811.0	left	443	ok
chr10	123485059	123485059.0	chr10-123485059-COMPLEX->s468513>s488437>s488438>s488439>s488440>s488441>s468515-3474	3	3474	3471	PASS	3	1816	0.0016519824	0.0016519824	C	circular_permutation_same_strand	chr10:122595305-122598879:+:C	0	GT	3	3	3	3	3	6	0	0	complete	1234999	1.0000008008041354	5008	2504	965748	0.6775159744408946	4364	2440	662248	0.0393370607028754	107	103	541853	123515864.0	123516099.0	right	790	ok
chr10	132967044	132967044.0	chr10-132967829-INS->s470868>s490183>s470869-1554	1	1555	1554	.	3	1816	0.0016519824	0.0016519824	C	circular_permutation_same_strand	chr10:132026748-132028326:+:C	0	GT	2	3	2	3	3	4	0	0	complete	1000568	0.9514776357827476	4695	2487	1000568	0.9514776357827476	4695	2487	903399	0.375	1313	1126	593367	133025107.0	133025347.0	right	959	ok
chr11	1642434	1642434.0	chr11-1642574-INS->s496752>s998059>s496753-241	1	242	241	.	2	1816	0.0011013216	0.0011013216	C	circular_permutation_same_strand	chr11:1561102-1561349:+:C	0	GT	2	2	2	2	2	4	0	0	complete	943032	0.729832268370607	3850	2309	555619	0.02036741214057508	136	128	545241	0.019169329073482427	10	10	8786	1686632.0	1686634.0	right	1002	ok
chr11	5308138	5308138.0	chr11-5308138-INS->s497895<s522109<s522108<s522107<s522106<s522105>s497896-4930	1	4931	4930	PASS	677	1816	0.37279736	0.37279736	C	circular_permutation_same_strand	chr11:5250078-5255051:+:C	0	GT	554	677	554	677	677	1108	0	0	complete	995976	1.0000008008041354	5008	2504	995976	1.0000008008041354	5008	2504	977467	0.9856230031948882	4761	2497	31697	5261664.0	5261976.0	left	1130	ok
chr11	14082984	14082984.0	chr11-14082984-INS->s498969<s520913>s498970-4563	1	4564	4563	PASS	4	1816	0.0022026432	0.0022026432	C	circular_permutation_same_strand	chr11:13988081-13992618:+:C	0	GT	4	4	4	4	4	8	0	0	complete	981717	0.9996006387448051	5005	2504	981717	0.9996006387448051	5005	2504	749423	0.10822683706070288	542	492	77149	14101118.0	14101267.0	right	592	ok
chr11	41450530	41450530.0	chr11-41450530-INS->s502387>s516938>s520338>s502389-127	1	128	127	PASS	614	1816	0.33810573	0.33810573	C	circular_permutation_same_strand	chr14:89506470-89506595:+:C	1	GT	459	614	459	614	614	918	0	0	complete	1046389	1.0000008008041354	5008	2504	1046389	1.0000008008041354	5008	2504	1046389	1.0000008008041354	5008	2504	195002	41450798.0	41450844.0	right	577	ok
chr11	50609646	50609646.0	chr11-50609646-INS->s503819>s998242>s998243>s998244>s998245>s998246>s998247>s503820-2568	1	2569	2568	PASS	1	1816	0.00055066079	0.00055066079	B	circular_permutation_same_strand	chr11:50430492-50433082:+:B	0	GT	1	1	1	1	1	2	0	0	complete	950767	0.7859424920127795	4975	2504	1126	0.0	1	1	1126	0.0	1	1	232749	50609158.0	50609399.0	left	1052	ok
chr11	71386015	71386015.0	chr11-71386015-COMPLEX->s507751>s507752<s520251>s507753>s507754>s507755>s507756-544	1	405	404	.	1816	1816	1	0	C	circular_permutation_same_strand	chr11:71459054-71459479:+:C	0	GT	908	1816	908	1816	1816	1816	0	0	complete	980099	0.9952076677316294	5007	2504	980099	0.9952076677316294	5007	2504	980099	0.9952076677316294	5004	2504	305180	71387670.0	71387682.0	right	794	ok
chr11	92899932	92899932.0	chr11-92899931-COMPLEX->s510492<s522032>s510494-3748	108	3747	3639	.	5	1816	0.002753304	0.002753304	C	circular_permutation_same_strand	chr11:92971204-92974852:+:C	0	GT	5	5	5	5	5	10	0	0	complete	1106075	1.0000008008041354	5008	2504	968687	0.9343051118210862	3538	2259	409128	0.010782747371003222	54	53	399817	92968430.0	92969383.0	right	629	ok
chr11	99475310	99475310.0	chr11-99475383-INS->s511372>s998484>s1097931>s998486>s511373-372	1	373	372	.	4	1816	0.0022026432	0.0022026432	C	circular_permutation_same_strand	chr11:99468968-99469337:+:C	0	GT	4	4	4	4	4	8	0	0	complete	908642	0.5279552715654952	3503	2227	908642	0.5279552715654952	3503	2227	976966	0.9836261980830671	1101	953	429932	99454471.0	99454580.0	left	904	ok
chr11	114615571	114615571.0	chr11-114615571-INS->s513072>s989634>s513073-335	1	336	335	PASS	66	1814	0.036383682	0.036383682	C	circular_permutation_same_strand	chr11:114604892-114605224:+:C	0	GT	56	66	56	66	66	112	0	0	complete	1133716	1.0000008008041354	5008	2504	1133716	1.0000008008041354	5008	2504	943760	0.7360223642172524	4911	2502	493758	114628233.0	114628389.0	right	621	ok
chr12	37947073	37947073.0	chr12-37947073-INS->s530890<s552527<s552526<s552525>s530891-4291	1	4292	4291	PASS	34	1816	0.018722467	0.018722467	B	circular_permutation_same_strand	chr12:37994471-37998779:+:B	0	GT	31	34	31	34	34	62	0	0	complete	955429	0.9782348240483195	4898	2500	929631	0.7695686900958466	4838	2493	878663	0.4480830670926518	3401	2191	171209	37894134.0	37894209.0	left	1276	ok
chr12	49356784	49356784.0	chr12-49356784-INS->s532383>s553181>s532384-2020	1	2021	2020	PASS	2	1816	0.0011013216	0.0011013216	C	circular_permutation_same_strand	chr12:49392823-49394868:+:C	0	GT	2	2	2	2	2	4	0	0	complete	956156	0.9812300319488818	4853	2496	930012	0.7723642172523961	4382	2458	848225	0.3246805111821086	922	761	218488	49299545.0	49299548.0	left	476	ok
chr12	51110435	51110435.0	chr12-51110436-INS->s532682<s552903>s532683-1356	1	1357	1356	.	2	1816	0.0011013216	0.0011013216	C	circular_permutation_same_strand	chr12:51147341-51148656:+:C	0	GT	2	2	2	2	2	4	0	0	complete	928758	0.7617811501597445	3803	2349	805061	0.20786741214057508	1014	847	63019	0.00439297124600639	12	12	224506	51159528.0	51159874.0	right	620	ok
chr12	96260367	96260367.0	chr12-96260595-INS->s538007>s1033596>s1033597>s538008-481	1	482	481	.	2	1816	0.0011013216	0.0011013216	C	circular_permutation_same_strand	chr12:96286161-96286635:+:C	0	GT	2	2	2	2	2	4	0	0	complete	957968	0.9894169329073482	4971	2504	780691	0.1621405750798722	661	557	780691	0.1621405750798722	596	512	399864	96253506.0	96253709.0	left	546	ok
chr13	71590876	71590876.0	chr13-71590958-INS->s564397>s1012889>s564398-566	1	567	566	.	1	1816	0.00055066079	0.00055066079	C	circular_permutation_same_strand	chr13:72369257-72369828:+:C	0	GT	1	1	1	1	1	2	0	0	complete	800761	1.0000008008041354	5008	2504	4088	0.0	1	1	4088	0.0	1	1	229450	71591516.0	71591564.0	right	396	ok
chr14	59112190	59112190.0	chr14-59112275-INS->s601526<s621904>s601527-184	1	185	184	.	37	1816	0.020374449	0.020374449	C	circular_permutation_same_strand	chr14:64907321-64907506:+:C	0	GT	36	37	36	37	37	72	0	0	complete	674441	0.9027555910543131	4662	2484	658454	0.7116613418530351	4028	2409	644286	0.5766773162939297	2785	1939	186765	59137405.0	59137533.0	right	712	ok
chr14	68541531	68541531.0	chr14-68542842-INS->s602592>s625405>s602593-1441	1	1442	1441	.	7	1816	0.0038546256	0.0038546256	B	circular_permutation_same_strand	chr14:74333686-74335140:+:B	0	GT	6	7	6	7	7	12	0	0	complete	760718	1.0000008008041354	5008	2504	675783	0.9201277955271565	4606	2463	617481	0.384185303514377	1896	1509	223764	68483973.0	68484410.0	left	718	ok
chr15	20259654	20259654.0	chr15-20259655-INS->s643756>s1128639>s643757-4419	1	4420	4419	.	2	1816	0.0011013216	0.0011013216	C	circular_permutation_same_strand	chr15:22587078-22591486:+:C	0	GT	2	2	2	2	2	4	0	0	complete	673803	0.8376597444089456	4190	2448	633108	0.4229233226837061	2957	2107	486082	0.04892172500678597	28	28	5123	20326986.0	20327244.0	right	918	ok
chr15	70433951	70433951.0	chr15-70434092-INS->s650436>s1007237>s650437-268	1	269	268	.	1	1816	0.00055066079	0.00055066079	C	circular_permutation_same_strand	chr15:72616656-72616924:+:C	0	GT	1	1	1	1	1	2	0	0	complete	774015	1.0000008008041354	5008	2504	2928	0.0	1	1	2928	0.0	1	1	231929	70433539.0	70433667.0	left	729	ok
chr15	78578844	78578844.0	chr15-78578938-INS->s651502>s1007321>s651503-327	1	328	327	.	1	1816	0.00055066079	0.00055066079	B	circular_permutation_same_strand	chr15:80715081-80715409:+:B	0	GT	1	1	1	1	1	2	0	0	complete	619886	0.34844249201277955	1829	1448	2922	0.0	1	1	2922	0.0	1	1	262474	78578122.0	78578461.0	left	645	ok
chr16	11603642	11603642.0	chr16-11603642-INS->s679866>s1081585>s679867-858	1	859	858	.	1	1816	0.00055066079	0.00055066079	C	circular_permutation_same_strand	chr16:11567194-11568066:+:C	0	GT	1	1	1	1	1	2	0	0	complete	666591	0.4327076677316294	2167	1571	2774	0.0	1	1	2774	0.0	1	1	79744	11602810.0	11603325.0	left	938	ok
chr16	12662763	12662763.0	chr16-12662858-INS->s680051>s979352>s979353>s979354>s680052-824	1	825	824	.	7	1816	0.0038546256	0.0038546256	C	circular_permutation_same_strand	chr16:12625687-12626485:+:C	0	GT	7	7	7	7	7	14	0	0	complete	706354	0.795926517571885	3986	2353	530927	0.06010383386581469	401	347	304683	0.009984025559105431	71	70	86694	12625924.0	12625959.0	left	1407	ok
chr16	22966959	22966959.0	chr16-22966959-INS->s681599<s698474>s681600-1274	1	1275	1274	PASS	349	1816	0.19218062	0.19218062	C	circular_permutation_same_strand	chr16:22688122-22689425:+:C	0	GT	300	349	300	349	349	600	0	0	complete	779252	1.0000008008041354	5008	2504	710405	0.847444089456869	4955	2502	710310	0.8458466453674122	4936	2502	130209	22952723.0	22952957.0	left	574	ok
chr16	95885759	95885759.0	chr16-95885759-INS->s693761>s979654>s693762-311	1	312	311	PASS	1709	1816	0.9410793	0.058920705	B	circular_permutation_same_strand	chr16:89800990-89801317:+:B	0	GT	0	0	0	0	0	0	0	0	complete																	0	position_outside_tree_sequence
chr17	76287188	76287188.0	chr17-76287268-INS->s718786>s982353>s718787-213	1	214	213	.	2	1816	0.0011013216	0.0011013216	C	circular_permutation_same_strand	chr17:75394983-75395195:+:C	0	GT	2	2	2	2	2	4	0	0	complete	765453	1.0000008008041354	5008	2504	592702	0.5714856230031949	2864	1946	288291	0.012180511182108627	57	56	306390	76314892.0	76314895.0	right	768	ok
chr17	77996559	77996559.0	chr17-77996559-COMPLEX->s719064>s982358>s719066-1008	800	1008	208	.	12	1816	0.0066079295	0.0066079295	B	circular_permutation_same_strand	chr17:77103274-77104309:+:B	0	GT	12	12	12	12	12	24	0	0	complete	623702	0.9864217250067859	4777	2496	623702	0.9864217250067859	4777	2496	608808	0.7507987220447284	3207	2125	315985	77943021.0	77943038.0	left	578	ok
chr18	66344322	66344322.0	chr18-66344391-INS->s750201>s1008742>s1008743>s750202-116	1	117	116	.	1	1816	0.00055066079	0.00055066079	C	circular_permutation_same_strand	chr18:66146393-66146513:+:C	0	GT	1	1	1	1	1	2	0	0	complete	286839	0.012380191693290734	61	58	1998	0.0	1	1	1998	0.0	1	1	273300	66343924.0	66344024.0	left	644	ok
chr19	5748345	5748345.0	chr19-5748345-INS->s765149<s783189>s765150-155	1	156	155	PASS	1190	1816	0.65528634	0.34471366	C	circular_permutation_same_strand	chr19:5761463-5761619:+:C	0	GT	683	1190	683	1190	1190	1366	0	0	complete	536650	1.0000009214790846	5008	2504	536650	1.0000009214790846	5008	2504	511850	0.8470447284345048	4562	2474	32494	5761989.0	5762007.0	right	720	ok
chr19	58863711	58863711.0	chr19-58863711-INS->s780560>s1083649>s780561-342	1	343	342	PASS	1	1804	0.00055432373	0.00055432373	C	circular_permutation_same_strand	chr19:55774290-55774637:+:C	0	GT	0	0	0	0	0	0	0	0	complete																	0	position_outside_tree_sequence
chr20	8686454	8686454.0	chr20-8686454-INS->s794660<s823263>s985688<s823261>s794662-389	1	390	389	PASS	3	1816	0.0016519824	0.0016519824	C	circular_permutation_same_strand	chr20:8644219-8644602:+:C	0	GT	3	3	3	3	3	6	0	0	complete	494591	0.9826277952943259	4892	2501	494591	0.9826277952943259	4892	2501	356278	0.054512779552715655	24	24	44361	8623303.0	8623318.0	left	727	ok
chr20	57164301	57164301.0	chr20-57164388-INS->s812289>s1025852>s812290-239	1	240	239	.	1	1816	0.00055066079	0.00055066079	C	circular_permutation_same_strand	chr20:55389271-55389510:+:C	0	GT	1	1	1	1	1	2	0	0	complete	448767	0.364017571884984	1757	1343	382	0.0	1	1	382	0.0	1	1	238076	57163788.0	57163923.0	left	852	ok
chr20	65068695	65068695.0	chr20-65068695-INS->s814780<s842914<s842913<s842912>s814781-140	1	141	140	PASS	245	1816	0.13491189	0.13491189	C	circular_permutation_same_strand	chr20:63262674-63262810:+:C	0	GT	0	0	0	0	0	0	0	0	complete																	0	position_outside_tree_sequence
chr20	65952790	65952790.0	chr20-65952790-INS->s815709>s983556>s983557>s815710-240	1	241	240	PASS	5	1816	0.002753304	0.002753304	C	circular_permutation_same_strand	chr20:64131181-64131424:+:C	0	GT	0	0	0	0	0	0	0	0	complete																	0	position_outside_tree_sequence
chr21	29211614	29211614.0	chr21-29211617-INS->s864222<s884231>s864223-563	1	564	563	.	3	1816	0.0016519824	0.0016519824	C	circular_permutation_same_strand	chr21:30843791-30844377:+:C	0	GT	3	3	3	3	3	6	0	0	complete	345423	0.9950079869876166	4970	2504	345423	0.9950079869876166	4970	2504	311191	0.329073482428115	1648	1339	104369	29160116.0	29160427.0	left	507	ok
